2024-04-11T18:43:18.268+09:00,codjs,KeyEvent,10:10:0,C++Programming,Editor,D:/PNU_2-1/C++Programming/HW/031_WordCounter/control.cpp,,65,4,Changes
2024-04-11T18:43:19.398+09:00,codjs,KeyEvent,115:83:0,C++Programming,Editor,D:/PNU_2-1/C++Programming/HW/031_WordCounter/control.cpp,,65,4,Changes
2024-04-11T18:43:19.460+09:00,codjs,KeyEvent,116:84:0,C++Programming,Editor,D:/PNU_2-1/C++Programming/HW/031_WordCounter/control.cpp,,65,5,Changes
2024-04-11T18:43:19.669+09:00,codjs,KeyEvent,100:68:0,C++Programming,Editor,D:/PNU_2-1/C++Programming/HW/031_WordCounter/control.cpp,,65,6,Changes
2024-04-11T18:43:28.954+09:00,codjs,KeyEvent,65535:16:1,C++Programming,Editor,D:/PNU_2-1/C++Programming/HW/031_WordCounter/control.cpp,,65,7,Changes
2024-04-11T18:43:29.013+09:00,codjs,KeyEvent,58:59:1,C++Programming,Editor,D:/PNU_2-1/C++Programming/HW/031_WordCounter/control.cpp,,65,7,Changes
2024-04-11T18:43:29.120+09:00,codjs,KeyEvent,58:59:1,C++Programming,Editor,D:/PNU_2-1/C++Programming/HW/031_WordCounter/control.cpp,,65,8,Changes
2024-04-11T18:43:29.454+09:00,codjs,KeyEvent,99:67:0,C++Programming,Editor,D:/PNU_2-1/C++Programming/HW/031_WordCounter/control.cpp,,65,9,Changes
2024-04-11T18:43:29.795+09:00,codjs,KeyEvent,111:79:0,C++Programming,Editor,D:/PNU_2-1/C++Programming/HW/031_WordCounter/control.cpp,,65,10,Changes
2024-04-11T18:43:29.846+09:00,codjs,KeyEvent,117:85:0,C++Programming,Editor,D:/PNU_2-1/C++Programming/HW/031_WordCounter/control.cpp,,65,11,Changes
2024-04-11T18:43:29.934+09:00,codjs,KeyEvent,116:84:0,C++Programming,Editor,D:/PNU_2-1/C++Programming/HW/031_WordCounter/control.cpp,,65,12,Changes
2024-04-11T18:43:30.053+09:00,codjs,KeyEvent,32:32:0,C++Programming,Editor,D:/PNU_2-1/C++Programming/HW/031_WordCounter/control.cpp,,65,13,Changes
2024-04-11T18:43:30.569+09:00,codjs,KeyEvent,65535:16:1,C++Programming,Editor,D:/PNU_2-1/C++Programming/HW/031_WordCounter/control.cpp,,65,14,Changes
2024-04-11T18:43:30.674+09:00,codjs,KeyEvent,60:44:1,C++Programming,Editor,D:/PNU_2-1/C++Programming/HW/031_WordCounter/control.cpp,,65,14,Changes
2024-04-11T18:43:30.797+09:00,codjs,KeyEvent,60:44:1,C++Programming,Editor,D:/PNU_2-1/C++Programming/HW/031_WordCounter/control.cpp,,65,15,Changes
2024-04-11T18:43:30.871+09:00,codjs,KeyEvent,32:32:1,C++Programming,Editor,D:/PNU_2-1/C++Programming/HW/031_WordCounter/control.cpp,,65,16,Changes
2024-04-11T18:43:31.886+09:00,codjs,KeyEvent,104:72:0,C++Programming,Editor,D:/PNU_2-1/C++Programming/HW/031_WordCounter/control.cpp,,65,17,Changes
2024-04-11T18:43:32.011+09:00,codjs,KeyEvent,101:69:0,C++Programming,Editor,D:/PNU_2-1/C++Programming/HW/031_WordCounter/control.cpp,,65,18,Changes
2024-04-11T18:43:32.102+09:00,codjs,KeyEvent,108:76:0,C++Programming,Editor,D:/PNU_2-1/C++Programming/HW/031_WordCounter/control.cpp,,65,19,Changes
2024-04-11T18:43:32.227+09:00,codjs,KeyEvent,108:76:0,C++Programming,Editor,D:/PNU_2-1/C++Programming/HW/031_WordCounter/control.cpp,,65,20,Changes
2024-04-11T18:43:32.500+09:00,codjs,KeyEvent,8:8:0,C++Programming,Editor,D:/PNU_2-1/C++Programming/HW/031_WordCounter/control.cpp,,65,20,Changes
2024-04-11T18:43:32.626+09:00,codjs,KeyEvent,8:8:0,C++Programming,Editor,D:/PNU_2-1/C++Programming/HW/031_WordCounter/control.cpp,,65,19,Changes
2024-04-11T18:43:32.766+09:00,codjs,KeyEvent,8:8:0,C++Programming,Editor,D:/PNU_2-1/C++Programming/HW/031_WordCounter/control.cpp,,65,18,Changes
2024-04-11T18:43:32.897+09:00,codjs,KeyEvent,8:8:0,C++Programming,Editor,D:/PNU_2-1/C++Programming/HW/031_WordCounter/control.cpp,,65,17,Changes
2024-04-11T18:43:33.256+09:00,codjs,KeyEvent,65535:16:1,C++Programming,Editor,D:/PNU_2-1/C++Programming/HW/031_WordCounter/control.cpp,,65,17,Changes
2024-04-11T18:43:33.401+09:00,codjs,KeyEvent,34:222:1,C++Programming,Editor,D:/PNU_2-1/C++Programming/HW/031_WordCounter/control.cpp,,65,17,Changes
2024-04-11T18:43:33.544+09:00,codjs,KeyEvent,34:222:1,C++Programming,Editor,D:/PNU_2-1/C++Programming/HW/031_WordCounter/control.cpp,,65,18,Changes
2024-04-11T18:43:34.006+09:00,codjs,KeyEvent,8:8:1,C++Programming,Editor,D:/PNU_2-1/C++Programming/HW/031_WordCounter/control.cpp,,65,18,Changes
2024-04-11T18:43:34.969+09:00,codjs,KeyEvent,104:72:0,C++Programming,Editor,D:/PNU_2-1/C++Programming/HW/031_WordCounter/control.cpp,,65,18,Changes
2024-04-11T18:43:35.044+09:00,codjs,KeyEvent,101:69:0,C++Programming,Editor,D:/PNU_2-1/C++Programming/HW/031_WordCounter/control.cpp,,65,19,Changes
2024-04-11T18:43:35.155+09:00,codjs,KeyEvent,108:76:0,C++Programming,Editor,D:/PNU_2-1/C++Programming/HW/031_WordCounter/control.cpp,,65,20,Changes
2024-04-11T18:43:35.791+09:00,codjs,KeyEvent,108:76:0,C++Programming,Editor,D:/PNU_2-1/C++Programming/HW/031_WordCounter/control.cpp,,65,21,Changes
2024-04-11T18:43:35.954+09:00,codjs,KeyEvent,111:79:0,C++Programming,Editor,D:/PNU_2-1/C++Programming/HW/031_WordCounter/control.cpp,,65,22,Changes
2024-04-11T18:43:36.050+09:00,codjs,KeyEvent,32:32:0,C++Programming,Editor,D:/PNU_2-1/C++Programming/HW/031_WordCounter/control.cpp,,65,23,Changes
2024-04-11T18:43:36.653+09:00,codjs,KeyEvent,121:89:0,C++Programming,Editor,D:/PNU_2-1/C++Programming/HW/031_WordCounter/control.cpp,,65,24,Changes
2024-04-11T18:43:36.902+09:00,codjs,KeyEvent,117:85:0,C++Programming,Editor,D:/PNU_2-1/C++Programming/HW/031_WordCounter/control.cpp,,65,25,Changes
2024-04-11T18:43:37.200+09:00,codjs,KeyEvent,109:77:0,C++Programming,Editor,D:/PNU_2-1/C++Programming/HW/031_WordCounter/control.cpp,,65,26,Changes